title,supplier,raw_price,moq,link
904L Stainles Steel Welded or Seamless Pipe316/347/347H /405/410/31803/32750/32760/904L,"Wenzhou Sixmeters Steel Industrial Co., Ltd",US$ 2000-4000,1 Ton(MOQ),https://sixmeters.en.made-in-china.com/product/IwLACrTDnOYB/China-904L-Stainles-Steel-Welded-or-Seamless-Pipe316-347-347H-405-410-31803-32750-32760-904L.html
Export Stainless Steel Pipe 316 High Qualitycheap Round Ss Tube Price Per Kg 316 316L Stainles Precision Finishing 304 Stainless Steel Seamless Pipe,"Wenzhou Sixmeters Steel Industrial Co., Ltd",US$ 1800-3800,1 Ton(MOQ),https://sixmeters.en.made-in-china.com/product/EOzTYqrVJFRt/China-Export-Stainless-Steel-Pipe-316-High-Qualitycheap-Round-Ss-Tube-Price-Per-Kg-316-316L-Stainles-Precision-Finishing-304-Stainless-Steel-Seamless-Pipe.html
0.25-100mm Stainless Pipe 304 316L Standard Sizes U Channel Steel Stainles,"Wuxi Jinlongming Metal Products Co., Ltd.",US$ 250-800,2 Tons(MOQ),https://wxjlsteel.en.made-in-china.com/product/fAQRlCHjmErn/China-0-25-100mm-Stainless-Pipe-304-316L-Standard-Sizes-U-Channel-Steel-Stainles.html
"Stainles Steel Seamless Pipe (TP347, 347H, 321, 321H)","Guangzhou Kingmetal Steel Industry Co., Ltd.",US$ 1000-8000,3 Tons(MOQ),https://kingmetal2009.en.made-in-china.com/product/HecxompubFVM/China-Stainles-Steel-Seamless-Pipe-TP347-347H-321-321H-.html
TP304L Stainles Steel Seamless Pipe Tp316L Industry Steel Pipe,"Wenzhou Sixmeters Steel Industrial Co., Ltd",US$ 2000-4000,1 Ton(MOQ),https://sixmeters.en.made-in-china.com/product/PZLGcMpAnwRO/China-TP304L-Stainles-Steel-Seamless-Pipe-Tp316L-Industry-Steel-Pipe.html
ASTM Galvanized Galvanized/Stainles Steel Square/Round Seamless/Welded Carbon Steel Pipe,"Shandong Hongcheng Steel Co., Ltd.",US$ 450-485,1 Ton(MOQ),https://sdhc-steel.en.made-in-china.com/product/RmCrAdzYJbph/China-ASTM-Galvanized-Galvanized-Stainles-Steel-Square-Round-Seamless-Welded-Carbon-Steel-Pipe.html
20X20X2 70X70 Square Steel Pipe Railing Thin-Walled Welded Rectangular 2 2.5 Inch A554 Metric Stainles,"Shanghai Ali-Mama Steel Trading Co., Ltd.",US$ 880-900,10 Tons(MOQ),https://bestalisteel.en.made-in-china.com/product/DFBauokOlXpz/China-20X20X2-70X70-Square-Steel-Pipe-Railing-Thin-Walled-Welded-Rectangular-2-2-5-Inch-A554-Metric-Stainles.html
2205 5083 5052 3003 1020 1045 Galvanized Galvanized/Stainles Steel Square/Round Seamless/Welded Carbon Steel Pipe,"Zhejiang Gaosheng Pipe Industry Co., Ltd.",US$ 3.3,300 kg(MOQ),https://jimmy3622899.en.made-in-china.com/product/YmgRqsMlqfUr/China-2205-5083-5052-3003-1020-1045-Galvanized-Galvanized-Stainles-Steel-Square-Round-Seamless-Welded-Carbon-Steel-Pipe.html
Stainles Steel Seamless Tubes A213 TP304/31/321/321H Pickled and Annealed Heat Exchanger Pipe,"EZ Steel Industrial Co., Ltd.",US$ 750,3 Tons(MOQ),https://ezsteel.en.made-in-china.com/product/GtWpfsTHIAVh/China-Stainles-Steel-Seamless-Tubes-A213-TP304-31-321-321H-Pickled-and-Annealed-Heat-Exchanger-Pipe.html
Stainles Steel Flexible Pipe with Interlock Liner Stainless Steel Exhaust Welded Braid Flexible Bellow Pipe Exhaust Tip Exhaust Welded Elbow Stainless Steel,"Ningjin Bingchuan Muffler Co., Ltd",US$ 0.4-1.6,50 Pieces(MOQ),https://e8a64261ff3747b0.en.made-in-china.com/product/tdeGzODjMwYq/China-Stainles-Steel-Flexible-Pipe-with-Interlock-Liner-Stainless-Steel-Exhaust-Welded-Braid-Flexible-Bellow-Pipe-Exhaust-Tip-Exhaust-Welded-Elbow-Stainless-Steel.html
904L Stainles Steel Welded or Seamless Pipe316/347/347H /405/410/31803/32750/32760/904L,"Huzhou Dapu Advanced Material Technology Co., Ltd",US$ 100,20 Pieces(MOQ),https://huzhoudapu.en.made-in-china.com/product/CKlmAQYhJNcJ/China-904L-Stainles-Steel-Welded-or-Seamless-Pipe316-347-347H-405-410-31803-32750-32760-904L.html
300 Series Stainles Steel Pipe ASME SA312 304L with Good Quality,"Tianjin Youfa International Trade Co., Ltd.",US$ 1200-2500,1 kg(MOQ),https://sianosteel.en.made-in-china.com/product/eTkYsUNxapcR/China-300-Series-Stainles-Steel-Pipe-ASME-SA312-304L-with-Good-Quality.html
ASTM SUS 304/306 Stainles Round/Square Seamless Steel Pipe A106/A53 Gr. B A336,"TIANJIN BOER KING STEEL CO., LIMITED",US$ 450-650,1 Ton(MOQ),https://boerkingsteels.en.made-in-china.com/product/MxzpytVObKYL/China-ASTM-SUS-304-306-Stainles-Round-Square-Seamless-Steel-Pipe-A106-A53-Gr-B-A336.html
Jagrow Stainles Steel High Flow Exhaust Pipe Suitable for BMW Z4 E89 N54 2007-2017,"Anhui Jagrow Auto Parts Co., Ltd.",US$ 150-179,5 Pieces(MOQ),https://cnjagrow.en.made-in-china.com/product/LtlpJiPDsZcu/China-Jagrow-Stainles-Steel-High-Flow-Exhaust-Pipe-Suitable-for-BMW-Z4-E89-N54-2007-2017.html
127mm Diameter ASTM A249 Stainles Steel TIG Welding Pipe for Korea,"Guangdong Yaolong Metal Technology Co., Ltd.",US$ 15.5-19.5,600 Meters(MOQ),https://fsyaolong.en.made-in-china.com/product/kKsEqfGPHypg/China-127mm-Diameter-ASTM-A249-Stainles-Steel-TIG-Welding-Pipe-for-Korea.html
ASTM 201 202 310S 309S 304 316 2205 5083 5052 3003 1020 1045 Galvanized Galvanized/Stainles Steel Square/Round Seamless/Welded Carbon Steel Pipe,"WUXI HONOR INDUSTRIES CO., LTD.",US$ 575-660,1 Ton(MOQ),https://wuxihonor.en.made-in-china.com/product/mJsrVBQEHZcj/China-ASTM-201-202-310S-309S-304-316-2205-5083-5052-3003-1020-1045-Galvanized-Galvanized-Stainles-Steel-Square-Round-Seamless-Welded-Carbon-Steel-Pipe.html
Stainles Steel Chimney Straight Pipe with CE Certificate,"Suzhou Rainbow Environmental Equipment Co., Ltd.",US$ 40,100 Pieces(MOQ),https://szchimney.en.made-in-china.com/product/UlQJDkmTzxMf/China-Stainles-Steel-Chimney-Straight-Pipe-with-CE-Certificate.html
ASME X4/X50/X60 Stainles Seamless Steel Pipe A178/A179,"Tianjin Boer King Steel Import and Export Co., Ltd.",US$ 450-650,1 Ton(MOQ),https://boerkingsteel.en.made-in-china.com/product/fxsRYyKoYbrn/China-ASME-X4-X50-X60-Stainles-Seamless-Steel-Pipe-A178-A179.html
ASTM Galvanized Galvanized/Stainles Steel Square/Round Seamless/Welded Carbon Steel Pipe,"Zhejiang Gaosheng Pipe Industry Co., Ltd.",US$ 3.8,300 kg(MOQ),https://jimmy3622899.en.made-in-china.com/product/lxuRoCbMJtpr/China-ASTM-Galvanized-Galvanized-Stainles-Steel-Square-Round-Seamless-Welded-Carbon-Steel-Pipe.html
304L 310S 316 316L Stainles Steel Seamless Pipe,"Wenzhou Huashang Steel Co., Ltd",US$ 4.5-15,500 kg(MOQ),https://sstubecn.en.made-in-china.com/product/HGWYwlpVaPkA/China-304L-310S-316-316L-Stainles-Steel-Seamless-Pipe.html
ASTM A312 304/321/316 Stainless Steel Seamless Pipes and Tubes Seamless Stainless Steel Pipe Stainles,"Shanghai Ali-Mama Steel Trading Co., Ltd.",US$ 890-900,1 Ton(MOQ),https://bestalisteel.en.made-in-china.com/product/BdiaczsyQNUv/China-ASTM-A312-304-321-316-Stainless-Steel-Seamless-Pipes-and-Tubes-Seamless-Stainless-Steel-Pipe-Stainles.html
Stainles Steel High Flow Exhaust Pipe Suitable for BMW Z4 E89 N54 2007-2017,"Anhui Jagrow Auto Parts Co., Ltd.",US$ 150-179,10 Pieces(MOQ),https://cnjagrow.en.made-in-china.com/product/aOeTpZclHqfQ/China-Stainles-Steel-High-Flow-Exhaust-Pipe-Suitable-for-BMW-Z4-E89-N54-2007-2017.html
A312 Tp321 Stainles Steel Big Outside Diameter Welded Pipe One Welded Beam,"EZ Steel Industrial Co., Ltd.",US$ 3.2-3.9,1000 kg(MOQ),https://ezsteel.en.made-in-china.com/product/OGCRcKquAtVi/China-A312-Tp321-Stainles-Steel-Big-Outside-Diameter-Welded-Pipe-One-Welded-Beam.html
Stainless Steel Pipe 201 304 304L 430 316L 316 310 310S 904L Stainles,"Wuxi Jinlongming Metal Products Co., Ltd.",US$ 200-600,2 Tons(MOQ),https://wxjlsteel.en.made-in-china.com/product/XYqpUtLvqmca/China-Stainless-Steel-Pipe-201-304-304L-430-316L-316-310-310S-904L-Stainles.html
ASTM SUS 304/306 Stainles Round/Square Seamless Steel Pipe A106/A53 Gr. B A336,"Tianjin Boer King Steel Import and Export Co., Ltd.",US$ 450-650,1 Ton(MOQ),https://boerkingsteel.en.made-in-china.com/product/sJjrTNXuEqUK/China-ASTM-SUS-304-306-Stainles-Round-Square-Seamless-Steel-Pipe-A106-A53-Gr-B-A336.html
Datang Manufacture Durable Studding Stud Pipes for Refinery Furnaces and Air Coolers,"Cangzhou Datang Steel Pipe Co., Ltd.",US$ 10,10 Meters(MOQ),https://datangpipe.en.made-in-china.com/product/LnNpTiWgumcR/China-Datang-Manufacture-Durable-Studding-Stud-Pipes-for-Refinery-Furnaces-and-Air-Coolers.html
Best China Supplier Good Quality Seamless Stainless Steel Pipe,"Shanghai Changzeng Metal Co., Ltd.",US$ 785-880,10 Tons(MOQ),https://changzengsteel.en.made-in-china.com/product/gNjEyFKcQPVM/China-Best-China-Supplier-Good-Quality-Seamless-Stainless-Steel-Pipe.html
Datang High-Performance Finned Pipes for Efficient Heat Exchanger Systems,"Cangzhou Datang Steel Pipe Co., Ltd.",US$ 10,10 Meters(MOQ),https://datangpipe.en.made-in-china.com/product/XnkUCFeJgmcG/China-Datang-High-Performance-Finned-Pipes-for-Efficient-Heat-Exchanger-Systems.html
Stainless Steel 304/321/316L Convoluted Metallic Pipe Manufacturer,"Comflex Industrial Co., Ltd.",US$ 1-5,1 Meter(MOQ),https://flexchina.en.made-in-china.com/product/NSXmeApVanGi/China-Stainless-Steel-304-321-316L-Convoluted-Metallic-Pipe-Manufacturer.html
Custom LSAW Stainless Steel Pipe with Aluminum Fins,"Cangzhou Datang Steel Pipe Co., Ltd.",US$ 10,10 Meters(MOQ),https://datangpipe.en.made-in-china.com/product/HFVTSapCblUg/China-Custom-LSAW-Stainless-Steel-Pipe-with-Aluminum-Fins.html
Datang Premium Datang S304 Stainless Steel Finned Tube Pipe,"Cangzhou Datang Steel Pipe Co., Ltd.",US$ 10,10 Meters(MOQ),https://datangpipe.en.made-in-china.com/product/WxRUEKruImhs/China-Datang-Premium-Datang-S304-Stainless-Steel-Finned-Tube-Pipe.html
OEM Premium Stainless Steel Crimped Fin Condensing Pipes for Radiators,"Cangzhou Datang Steel Pipe Co., Ltd.",US$ 10,10 Meters(MOQ),https://datangpipe.en.made-in-china.com/product/cJPrHeDBOtVR/China-OEM-Premium-Stainless-Steel-Crimped-Fin-Condensing-Pipes-for-Radiators.html
Customized 20mm Diameter Seamless Welded Cold Rolled Stainless Steel Pipe,"Jiangsu Hengshuntai Steel Co., Ltd.",US$ 800-1500,1 Ton(MOQ),https://jshst2.en.made-in-china.com/product/ydrGRUDusfYH/China-Customized-20mm-Diameter-Seamless-Welded-Cold-Rolled-Stainless-Steel-Pipe.html
Stainless Steel Corrugated Flexible Metal Pipe,"Comflex Industrial Co., Ltd.",US$ 1-5,1 Meter(MOQ),https://flexchina.en.made-in-china.com/product/wFvnQBxPZRWX/China-Stainless-Steel-Corrugated-Flexible-Metal-Pipe.html
Datang High-Performance G Type Finned Pipe with Aluminum-Copper Construction,"Cangzhou Datang Steel Pipe Co., Ltd.",US$ 10,10 Pieces(MOQ),https://datangpipe.en.made-in-china.com/product/lxRYrwzDVmki/China-Datang-High-Performance-G-Type-Finned-Pipe-with-Aluminum-Copper-Construction.html
ASTM Stainless Steel Pipe Stainless Steel Stainless Steel Pipe,"Jiangsu Hengshuntai Steel Co., Ltd.",US$ 950-1850,1 Ton(MOQ),https://jshst2.en.made-in-china.com/product/xZwfOnGusJWA/China-ASTM-Stainless-Steel-Pipe-Stainless-Steel-Stainless-Steel-Pipe.html
Stainless Steel Seamless Pipe ASTM A269 2b Ba N1 304 304L 316L,"Zhejiang Sailing Steel Industry Co., Ltd.",US$ 2000,1 Ton(MOQ),https://stainlesssteel-pipe.en.made-in-china.com/product/kfvRzVTARYcx/China-Stainless-Steel-Seamless-Pipe-ASTM-A269-2b-Ba-N1-304-304L-316L.html
Industrial Stainles Steel Sanitary Triclamp Solid Blind End Cap Tube Cover,"Wenzhou Joneng Valves Co., Limited",US$ 4-5,1 Piece(MOQ),https://joneng.en.made-in-china.com/product/qOAGmTQduVaJ/China-Industrial-Stainles-Steel-Sanitary-Triclamp-Solid-Blind-End-Cap-Tube-Cover.html
Lork Annealed Uns S30100/ISO/En X10crni18-8 1.4310 Steel Tube for Aircraft Structural Parts 301 Stainles Steel Pipe,"LORK GROUP CO., LTD",US$ 20-30,100 kg(MOQ),https://lorkgroup.en.made-in-china.com/product/nfDrphtYRbcI/China-Lork-Annealed-Uns-S30100-ISO-En-X10crni18-8-1-4310-Steel-Tube-for-Aircraft-Structural-Parts-301-Stainles-Steel-Pipe.html
Stainles Steel Bellowed Exhaust Metal Pipe,"Wuxi Huabo Metal Bellows Co., Ltd.",US$ 20,1 Piece(MOQ),https://hose-china.en.made-in-china.com/product/DsnJuBWxsaVh/China-Stainles-Steel-Bellowed-Exhaust-Metal-Pipe.html
Chinese Factory Price Round Square Welded Seamless Decorative Ss Tubes 201 304 321 316 316L Stainles Pipes,"Wenzhou Sixmeters Steel Industrial Co., Ltd",US$ 2000-4000,1 Ton(MOQ),https://sixmeters.en.made-in-china.com/product/TFzapqrJqdUG/China-Chinese-Factory-Price-Round-Square-Welded-Seamless-Decorative-Ss-Tubes-201-304-321-316-316L-Stainles-Pipes.html
"Datang OEM High-Quality Fin Tube Pipe for Boiler Water Wall, ASTM A210","Cangzhou Datang Steel Pipe Co., Ltd.",US$ 10,10 Pieces(MOQ),https://datangpipe.en.made-in-china.com/product/ZQnYkzWVqacf/China-Datang-OEM-High-Quality-Fin-Tube-Pipe-for-Boiler-Water-Wall-ASTM-A210.html
"Dtang AISI Tp316L Stainless Steel, Kl Type Aluminum Spiral Fin Pipe","Cangzhou Datang Steel Pipe Co., Ltd.",US$ 10,10 Pieces(MOQ),https://datangpipe.en.made-in-china.com/product/YwQGriObAykh/China-Dtang-AISI-Tp316L-Stainless-Steel-Kl-Type-Aluminum-Spiral-Fin-Pipe.html
Datang High-Quality H Fin and Spiral Fin Tube Pipe for Boiler Efficiency,"Cangzhou Datang Steel Pipe Co., Ltd.",US$ 10,10 Pieces(MOQ),https://datangpipe.en.made-in-china.com/product/HQURLhPVIJck/China-Datang-High-Quality-H-Fin-and-Spiral-Fin-Tube-Pipe-for-Boiler-Efficiency.html
ASTM A268 Tp405 Welded Stainless Steel Tubes Pipes,"Chengdu Derbo Steel Co., Ltd",US$ 2200,5 Tons(MOQ),https://derbosteel.en.made-in-china.com/product/WBbJmtFOSjVZ/China-ASTM-A268-Tp405-Welded-Stainless-Steel-Tubes-Pipes.html
Stainless Steel for Flexible Pipe / Corrugated Metallic Tube,"Comflex Industrial Co., Ltd.",US$ 1-5,10 Meters(MOQ),https://flexchina.en.made-in-china.com/product/pdrauwJDJPcY/China-Stainless-Steel-for-Flexible-Pipe-Corrugated-Metallic-Tube.html
China High Pressure 304 /316 Stainless Steel Flexible Pipe,"Comflex Industrial Co., Ltd.",US$ 1-5,10 Meters(MOQ),https://flexchina.en.made-in-china.com/product/jOATmycUspaG/China-China-High-Pressure-304-316-Stainless-Steel-Flexible-Pipe.html
Stainles Steel Flexible Pipe with Interlock Liner Stainless Steel Exhaust Welded Braid Flexible Bellow Pipe Exhaust Tip Exhaust Welded Elbow Stainless Steel,"Qingdao Pengrui Machinery Co., Ltd.",US$ 6,100 Pieces(MOQ),https://pdmindustry.en.made-in-china.com/product/FwTaHKyvLPkG/China-Stainles-Steel-Flexible-Pipe-with-Interlock-Liner-Stainless-Steel-Exhaust-Welded-Braid-Flexible-Bellow-Pipe-Exhaust-Tip-Exhaust-Welded-Elbow-Stainless-Steel.html
Stainles Steel Round Pipe Rectangular Tube 304 316 430 201 ASTM GB,"Guozhong (Shandong) Steel Group Co., Ltd.",US$ 880-1050,1 Ton(MOQ),https://guozhongsteel.en.made-in-china.com/product/fZLapDETVOUz/China-Stainles-Steel-Round-Pipe-Rectangular-Tube-304-316-430-201-ASTM-GB.html
ASTM GB Stainles Steel Round Pipe Rectangular Tube 304 316 430 201,"Wenzhou Sixmeters Steel Industrial Co., Ltd",US$ 2000-4000,1 Ton(MOQ),https://sixmeters.en.made-in-china.com/product/RFoAiPKvldYb/China-ASTM-GB-Stainles-Steel-Round-Pipe-Rectangular-Tube-304-316-430-201.html
Datang High Efficiency Best Offer Spiral / Serrated High Frequency Welding Fin Pipes,"Cangzhou Datang Steel Pipe Co., Ltd.",US$ 10,10 Meters(MOQ),https://datangpipe.en.made-in-china.com/product/LnkpsMblhmVo/China-Datang-High-Efficiency-Best-Offer-Spiral-Serrated-High-Frequency-Welding-Fin-Pipes.html
6 Inch 7 Inch 8 Inch ISO 2037 Clean Stainles Steel Tube,"Guangdong Yaolong Metal Technology Co., Ltd.",US$ 23-29,600 Meters(MOQ),https://fsyaolong.en.made-in-china.com/product/eSzQyKkjkOpr/China-6-Inch-7-Inch-8-Inch-ISO-2037-Clean-Stainles-Steel-Tube.html
316L Stainles Steel Bright Annealed 1/4 1/2 Ba Ep Tube for High Purity Pipeline,"SHANGHAI NAI LOK INDUSTRIAL CO., LTD.",US$ 2.8,100 Pieces(MOQ),https://nailok01.en.made-in-china.com/product/xtjrayCUZNkM/China-316L-Stainles-Steel-Bright-Annealed-1-4-1-2-Ba-Ep-Tube-for-High-Purity-Pipeline.html
Datang Manufacture SA179 Finned Pipes Fin Pipe for Heat Exchangers Boilers Air Cooler Radiator,"Cangzhou Datang Steel Pipe Co., Ltd.",US$ 10,10 Pieces(MOQ),https://datangpipe.en.made-in-china.com/product/NQCpOEMyZnhg/China-Datang-Manufacture-SA179-Finned-Pipes-Fin-Pipe-for-Heat-Exchangers-Boilers-Air-Cooler-Radiator.html
En 14404 Stainles Steel Round Tube for Balustrade,"Guangdong Yaolong Metal Technology Co., Ltd.",US$ 3.45-4.25,600 Meters(MOQ),https://fsyaolong.en.made-in-china.com/product/bOSQipvXAzVA/China-En-14404-Stainles-Steel-Round-Tube-for-Balustrade.html
Datang SA179 Finned Pipes Piping Fin Pipes for Heat Exchangers Boilers Air Cooler,"Cangzhou Datang Steel Pipe Co., Ltd.",US$ 10,10 Pieces(MOQ),https://datangpipe.en.made-in-china.com/product/eQcpUZKTvJkm/China-Datang-SA179-Finned-Pipes-Piping-Fin-Pipes-for-Heat-Exchangers-Boilers-Air-Cooler.html
Stainless Steel 304 Corrugated Flexible Metallic Hose / Pipe,"Comflex Industrial Co., Ltd.",US$ 1-5,1 Meter(MOQ),https://flexchina.en.made-in-china.com/product/kFqQRPoMfYhw/China-Stainless-Steel-304-Corrugated-Flexible-Metallic-Hose-Pipe.html
Braided Annular Flexible Metal Hose / Pipe,"Comflex Industrial Co., Ltd.",US$ 1-5,1 Meter(MOQ),https://flexchina.en.made-in-china.com/product/kOMJgUquarVE/China-Braided-Annular-Flexible-Metal-Hose-Pipe.html
Datang Copper/Carbon Steel Corrugated Tube/Low Finned Tube,"Cangzhou Datang Steel Pipe Co., Ltd.",US$ 10,10 Meters(MOQ),https://datangpipe.en.made-in-china.com/product/gxpYyORKOAkE/China-Datang-Copper-Carbon-Steel-Corrugated-Tube-Low-Finned-Tube.html
High Pressure Metal Braided Hose SS304 Stainless Steel Flexible Pipe/Hose/Tube,"Comflex Industrial Co., Ltd.",US$ 1-5,10 Meters(MOQ),https://flexchina.en.made-in-china.com/product/ROJfwxGjgHWl/China-High-Pressure-Metal-Braided-Hose-SS304-Stainless-Steel-Flexible-Pipe-Hose-Tube.html
Stainless Steel Flexible Hose Pipes with Fixed or Swivel Flange Ends,"Comflex Industrial Co., Ltd.",US$ 1-5,10 Meters(MOQ),https://flexchina.en.made-in-china.com/product/QdcAPgKUYhkr/China-Stainless-Steel-Flexible-Hose-Pipes-with-Fixed-or-Swivel-Flange-Ends.html
Stainless Steel Wire Braided Hose / Pipe,"Comflex Industrial Co., Ltd.",US$ 1-5,1 Meter(MOQ),https://flexchina.en.made-in-china.com/product/udeJqZoHrrkD/China-Stainless-Steel-Wire-Braided-Hose-Pipe.html
Copper Alloy Steel Tube Extruded Finned Tube for Heat Exchanger,"Cangzhou Datang Steel Pipe Co., Ltd.",US$ 10,10 Pieces(MOQ),https://datangpipe.en.made-in-china.com/product/cwytCOPJSSkD/China-Copper-Alloy-Steel-Tube-Extruded-Finned-Tube-for-Heat-Exchanger.html
Stainless Steel Braided Flexible Hose / Pipe,"Comflex Industrial Co., Ltd.",US$ 1-5,1 Meter(MOQ),https://flexchina.en.made-in-china.com/product/YZbmiUodApVe/China-Stainless-Steel-Braided-Flexible-Hose-Pipe.html
Corrugated Stainless Steel Flexible Metal Pipe / Hose,"Comflex Industrial Co., Ltd.",US$ 1-5,1 Meter(MOQ),https://flexchina.en.made-in-china.com/product/dZexhBMKMUcp/China-Corrugated-Stainless-Steel-Flexible-Metal-Pipe-Hose.html
Premium Carbon Steel Spiral Fin Heat Exchanger Tubes for Efficient Thermal Transfer,"Cangzhou Datang Steel Pipe Co., Ltd.",US$ 10,10 Meters(MOQ),https://datangpipe.en.made-in-china.com/product/pJQrbtYLdARE/China-Premium-Carbon-Steel-Spiral-Fin-Heat-Exchanger-Tubes-for-Efficient-Thermal-Transfer.html
OEM ODM Datang CS Ss Double H Fin Tubes Boiler Economizer Fin Steel Tube Pipes,"Cangzhou Datang Steel Pipe Co., Ltd.",US$ 10,10 Meters(MOQ),https://datangpipe.en.made-in-china.com/product/JmDprLiCIEcq/China-OEM-ODM-Datang-CS-Ss-Double-H-Fin-Tubes-Boiler-Economizer-Fin-Steel-Tube-Pipes.html
Machine Steel Pipe Serrated Open Gear Fin Tube/Finned Tube,"Cangzhou Datang Steel Pipe Co., Ltd.",US$ 10,10 Meters(MOQ),https://datangpipe.en.made-in-china.com/product/hmDRsbxwZGkO/China-Machine-Steel-Pipe-Serrated-Open-Gear-Fin-Tube-Finned-Tube.html
Stainless Steel Metal Corrugated Flexible Hose / Flexible Pipe,"Comflex Industrial Co., Ltd.",US$ 1-5,10 Meters(MOQ),https://flexchina.en.made-in-china.com/product/nwDTjEFvZghz/China-Stainless-Steel-Metal-Corrugated-Flexible-Hose-Flexible-Pipe.html
Datang Customized Greenhouse Hot Dipped Galvanized Steel Fin Tube in ASTM A106 Gr,"Cangzhou Datang Steel Pipe Co., Ltd.",US$ 10,10 Meters(MOQ),https://datangpipe.en.made-in-china.com/product/fEipaLMTWJcY/China-Datang-Customized-Greenhouse-Hot-Dipped-Galvanized-Steel-Fin-Tube-in-ASTM-A106-Gr.html
Datang ODM ASTM 179 Carbon Steel Finned Tube Pipes for Heat Exchanger Cooler Boiler,"Cangzhou Datang Steel Pipe Co., Ltd.",US$ 10,10 Pieces(MOQ),https://datangpipe.en.made-in-china.com/product/VEPpAMjzYTcN/China-Datang-ODM-ASTM-179-Carbon-Steel-Finned-Tube-Pipes-for-Heat-Exchanger-Cooler-Boiler.html
Flange Joint Metal Corrugated Flexible Hose / Pipe,"Comflex Industrial Co., Ltd.",US$ 1-5,1 Meter(MOQ),https://flexchina.en.made-in-china.com/product/LwqxFkDgAYWc/China-Flange-Joint-Metal-Corrugated-Flexible-Hose-Pipe.html
Stainless Steel Metal Corrugated Flexible Hoses/Flexible Pipe with Braiding,"Comflex Industrial Co., Ltd.",US$ 1-5,10 Meters(MOQ),https://flexchina.en.made-in-china.com/product/nwltQDdKAPhZ/China-Stainless-Steel-Metal-Corrugated-Flexible-Hoses-Flexible-Pipe-with-Braiding.html
Stainless Steel Flexible Hose / Pipe / Bellow,"Comflex Industrial Co., Ltd.",US$ 1-5,1 Meter(MOQ),https://flexchina.en.made-in-china.com/product/MFdxmatjgDVJ/China-Stainless-Steel-Flexible-Hose-Pipe-Bellow.html
High Pressure Wire Braiding Flexible Metal Hose / Pipe,"Comflex Industrial Co., Ltd.",US$ 1-5,1 Meter(MOQ),https://flexchina.en.made-in-china.com/product/kwqQFNiWwUcC/China-High-Pressure-Wire-Braiding-Flexible-Metal-Hose-Pipe.html
"OEM ODM Datang Air Cooler Extruded Aluminum Fin Tube, Stainless Steel Finned Pipes","Cangzhou Datang Steel Pipe Co., Ltd.",US$ 10,10 Pieces(MOQ),https://datangpipe.en.made-in-china.com/product/OJVrFaejXEkp/China-OEM-ODM-Datang-Air-Cooler-Extruded-Aluminum-Fin-Tube-Stainless-Steel-Finned-Pipes.html
Corrugated Flexible Metal Hose / Pipe / Tubing,"Comflex Industrial Co., Ltd.",US$ 1-5,1 Meter(MOQ),https://flexchina.en.made-in-china.com/product/rZbQczqdEUVk/China-Corrugated-Flexible-Metal-Hose-Pipe-Tubing.html
High Pressure Flexible Metallic Hose / Pipe,"Comflex Industrial Co., Ltd.",US$ 1-5,1 Meter(MOQ),https://flexchina.en.made-in-china.com/product/cdSnhstGgrWx/China-High-Pressure-Flexible-Metallic-Hose-Pipe.html
Stainless Steel Convoluted Flexible Hose / Pipe,"Comflex Industrial Co., Ltd.",US$ 1-5,1 Meter(MOQ),https://flexchina.en.made-in-china.com/product/yFqxwNDGSUWK/China-Stainless-Steel-Convoluted-Flexible-Hose-Pipe.html
Datang Manufacture Copper Low Fin Tube (CU/NI 90/10 C70600) &Pipe for Heat Exchanger,"Cangzhou Datang Steel Pipe Co., Ltd.",US$ 10,10 Pieces(MOQ),https://datangpipe.en.made-in-china.com/product/pxHYPhSvVmVJ/China-Datang-Manufacture-Copper-Low-Fin-Tube-CU-NI-90-10-C70600-Pipe-for-Heat-Exchanger.html
Stainless Steel Corrugated Flexible Hose / Pipe,"Comflex Industrial Co., Ltd.",US$ 1-5,1 Meter(MOQ),https://flexchina.en.made-in-china.com/product/bZeQwAIdLRci/China-Stainless-Steel-Corrugated-Flexible-Hose-Pipe.html
304 321 316L Stainless Steel Braided Flexible Hose Pipe Tube,"Comflex Industrial Co., Ltd.",US$ 1-5,10 Meters(MOQ),https://flexchina.en.made-in-china.com/product/XFZaTmxGvfAv/China-304-321-316L-Stainless-Steel-Braided-Flexible-Hose-Pipe-Tube.html
"Tp347/347H (1.4550, 1.4912) High-Temperature Stainles Steel Tube","HEBEI HONGCHENG PIPE FITTINGS CO., LIMITED",US$ 4500,1 Ton(MOQ),https://hbhcgy.en.made-in-china.com/product/kKVJlGtdEvWy/China-Tp347-347H-1-4550-1-4912-High-Temperature-Stainles-Steel-Tube.html
Ss Inox 201 304 316L 310 310S 904L SUS420J2 TP304 S31804 347 904 2205 2507 317 321 Bright Welded Seamless Stainles Steel Square Tube Pipe,"Liaocheng Esida Steel Materials Co., Ltd",US$ 1500-3000,1 Ton(MOQ),https://5733ff9f4f526b4b.en.made-in-china.com/product/lEupvJYTFURq/China-Ss-Inox-201-304-316L-310-310S-904L-SUS420J2-TP304-S31804-347-904-2205-2507-317-321-Bright-Welded-Seamless-Stainles-Steel-Square-Tube-Pipe.html
Duplex Steel 2205 Stainless Steel Tube Seamless Pipes Oil and Gas Casing and Tubing Pipes,"XINHANG SPECIAL MATERIAL CO.,LTD HANGZHOU BRANCH",US$ 1760-1860,5 Tons(MOQ),https://xhxcl2023.en.made-in-china.com/product/ptuUIkvLaDVW/China-Duplex-Steel-2205-Stainless-Steel-Tube-Seamless-Pipes-Oil-and-Gas-Casing-and-Tubing-Pipes.html
ASTM B111 C10200 C12000 C12200 Brass Copper Tub Epure Copper Pipe Tubing Piping,"EZ Steel Industrial Co., Ltd.",US$ 800,2 Tons(MOQ),https://ezsteel.en.made-in-china.com/product/qOoxdENSlgWu/China-ASTM-B111-C10200-C12000-C12200-Brass-Copper-Tub-Epure-Copper-Pipe-Tubing-Piping.html
ASTM 201 304 316 316L 2205 2507 Cold Drawn Hollow Section Stainless Steel Pipe,"Tianjin Boer King Steel Import and Export Co., Ltd.",US$ 1300-2200,1 Ton(MOQ),https://boerkingsteel.en.made-in-china.com/product/dQkUHtjCrFRb/China-ASTM-201-304-316-316L-2205-2507-Cold-Drawn-Hollow-Section-Stainless-Steel-Pipe.html
High Quality 52mm Dimater Sanitary Stainless Steel Pipe for Cananda,"Guangdong Yaolong Metal Technology Co., Ltd.",US$ 46-57,100 Pieces(MOQ),https://fsyaolong.en.made-in-china.com/product/EZsnRlPuvLkQ/China-High-Quality-52mm-Dimater-Sanitary-Stainless-Steel-Pipe-for-Cananda.html
A213 Stainless Steel Seamless Boiler Pipe,"Guangzhou Kingmetal Steel Industry Co., Ltd.",US$ 3550-4550,1 Ton(MOQ),https://kingmetal2009.en.made-in-china.com/product/mvuxtXDJIhVr/China-A213-Stainless-Steel-Seamless-Boiler-Pipe.html
Stainless Steel Exhaust Flex Pipe with Inner Smooth Liner Automotive Motorsports,"Zhe Jiang Yue Ding Corrugated Tube Co., Ltd.",US$ 2-8,100 Pieces(MOQ),https://yueguan.en.made-in-china.com/product/vwoEdSKAyTcC/China-Stainless-Steel-Exhaust-Flex-Pipe-with-Inner-Smooth-Liner-Automotive-Motorsports.html
75mm Gi Antiseptical Iron Tube Titanium Alloy Ta1 Ta2 Ta3 Steel Pipe for Metal Building Material,"Wenzhou Sinco Steel Co., Ltd.",US$ 3000,1 Ton(MOQ),https://sincosteel.en.made-in-china.com/product/FCYJRzBOrich/China-75mm-Gi-Antiseptical-Iron-Tube-Titanium-Alloy-Ta1-Ta2-Ta3-Steel-Pipe-for-Metal-Building-Material.html
Inconel 600 Nickel Alloy Pipe with Annealing Treatment,"Shanghai Bozhong Metal Group Co., Ltd.",US$ 600-2000,6 Tons(MOQ),https://shanghaibozhong.en.made-in-china.com/product/UNinGIWEOShz/China-Inconel-600-Nickel-Alloy-Pipe-with-Annealing-Treatment.html
Premium 446 Stainless Steel Seamless Pipe for High-Temperature Combustion,"Tianjin ZYTC Alloy Technology Co., Ltd",US$ 850-1225,1 Ton(MOQ),https://zytcstainless.en.made-in-china.com/product/CvOQLkncEVRy/China-Premium-446-Stainless-Steel-Seamless-Pipe-for-High-Temperature-Combustion.html
A269/A213 304/304L Stainless Steel Pipe Sanitary Ss Seamless Tubes,"Zhejiang Sailing Steel Industry Co., Ltd.",US$ 2000,1 Ton(MOQ),https://stainlesssteel-pipe.en.made-in-china.com/product/btdYHmsrnIkO/China-A269-A213-304-304L-Stainless-Steel-Pipe-Sanitary-Ss-Seamless-Tubes.html
253mA Stainless Steel Pipe Seamless Steel Pipe Uns S30815 Stainless Tubing,"Wuxi City Ge Ming Sheng Steel Trading Co., Ltd",US$ 5000-6000,1 Piece(MOQ),https://wxgms1.en.made-in-china.com/product/EOkGMDLuqRUa/China-253mA-Stainless-Steel-Pipe-Seamless-Steel-Pipe-Uns-S30815-Stainless-Tubing.html
High Quality AISI ASTM A789 A790 TP304 Tp316L Seamless Steel Tube Pipe for Sanitation,"XINHANG SPECIAL MATERIAL CO.,LTD HANGZHOU BRANCH",US$ 1760-1860,5 Tons(MOQ),https://xhxcl2023.en.made-in-china.com/product/saIpBuXJXrhN/China-High-Quality-AISI-ASTM-A789-A790-TP304-Tp316L-Seamless-Steel-Tube-Pipe-for-Sanitation.html
4Cr13 7cr1 317L Xm-19 904L 631 630 632 Seamless Stainless Steel Pipe for Decoration Factory Price,"Tianjin Boer King Steel Import and Export Co., Ltd.",US$ 900-1500,1 Ton(MOQ),https://boerkingsteel.en.made-in-china.com/product/pxcUutsoaFrz/China-4Cr13-7cr1-317L-Xm-19-904L-631-630-632-Seamless-Stainless-Steel-Pipe-for-Decoration-Factory-Price.html
En10217-7 1.4301 1.4307 1.4404 Stainless Steel Pipe Ba,"Huzhou Dingshang Stainless Steel Co., Ltd.",US$ 2.8-5.4,1000 kg(MOQ),https://hzbaohua.en.made-in-china.com/product/TBtmQxArUEch/China-En10217-7-1-4301-1-4307-1-4404-Stainless-Steel-Pipe-Ba.html
ASTM B280 C12000 Copper Tube C12200 Copper Tube Copper Pipe Pancake Coil,"EZ Steel Industrial Co., Ltd.",US$ 800,2 Tons(MOQ),https://ezsteel.en.made-in-china.com/product/iZqEFHsGEgcu/China-ASTM-B280-C12000-Copper-Tube-C12200-Copper-Tube-Copper-Pipe-Pancake-Coil.html
Cqjb Exhaust Pipe Motorcycle Muffler Exhaust Pipe Motorcycle System Pipe,"Chongqing Jiuben Commerce and Trade Co., Ltd.",US$ 31-35,50 Pieces(MOQ),https://cqjbsm.en.made-in-china.com/product/sFBApiHrgPRG/China-Cqjb-Exhaust-Pipe-Motorcycle-Muffler-Exhaust-Pipe-Motorcycle-System-Pipe.html
304 Stainless Steel Seamless Pipe Cold-Rolled Hydraulic Pipe Line Pipe Metal Pipe,"Zhejiang Xintongda Special Steel Manufacturing Co., Ltd",US$ 2.2-2.8,200 kg(MOQ),https://xintongdapipe.en.made-in-china.com/product/cxeRYnrCsUpw/China-304-Stainless-Steel-Seamless-Pipe-Cold-Rolled-Hydraulic-Pipe-Line-Pipe-Metal-Pipe.html
Alloy En 10216 Steel Seamless Pipe with High Strength and Corrosion Resistance for Gas Pipeline Applications,"SHANGHAI NAI LOK INDUSTRIAL CO., LTD.",US$ 6.8,100 Meters(MOQ),https://nailok01.en.made-in-china.com/product/qfZULTtugCci/China-Alloy-En-10216-Steel-Seamless-Pipe-with-High-Strength-and-Corrosion-Resistance-for-Gas-Pipeline-Applications.html
ASTM A554 AISI Tp 201/304/316/316L Stainless Steel Seamless/Welded Mechanical Pipe/Tube,"Guangdong Yaolong Metal Technology Co., Ltd.",US$ 1100-1950,1 Ton(MOQ),https://fsyaolong.en.made-in-china.com/product/eZwtkBfAHEpz/China-ASTM-A554-AISI-Tp-201-304-316-316L-Stainless-Steel-Seamless-Welded-Mechanical-Pipe-Tube.html
Large Diameter SS304 SS316 Ss321 Stainless Steel Pipe Seamless Pipe Industrial Pipe Can Be Customized,"XINHANG SPECIAL MATERIAL CO.,LTD HANGZHOU BRANCH",US$ 1760-1860,5 Tons(MOQ),https://xhxcl2023.en.made-in-china.com/product/uGwrNpiLHIVg/China-Large-Diameter-SS304-SS316-Ss321-Stainless-Steel-Pipe-Seamless-Pipe-Industrial-Pipe-Can-Be-Customized.html
ASTM 201 304 316 316L 2205 2507 Hollow Section Stainless Steel Pipe Factory,"Tianjin Boer King Steel Import and Export Co., Ltd.",US$ 1300-2200,1 Ton(MOQ),https://boerkingsteel.en.made-in-china.com/product/GmRYdJjDHZrK/China-ASTM-201-304-316-316L-2205-2507-Hollow-Section-Stainless-Steel-Pipe-Factory.html
JIS G3459 G3463 Anti-Corrosion Stainless Steel Pipe SUS316L Seamless Steel Pipe,"XINHANG SPECIAL MATERIAL CO.,LTD HANGZHOU BRANCH",US$ 1760-1860,5 Tons(MOQ),https://xhxcl2023.en.made-in-china.com/product/vaZUMbECAlhP/China-JIS-G3459-G3463-Anti-Corrosion-Stainless-Steel-Pipe-SUS316L-Seamless-Steel-Pipe.html
Inox Factory SUS 316L 201 304 312welded Ss Pipe Steel Tubing Stainless Steel Pipes Stainless Steel Tube,"Zhejiang Sailing Steel Industry Co., Ltd.",US$ 2000,1 Ton(MOQ),https://stainlesssteel-pipe.en.made-in-china.com/product/vaRUGsxVJcWI/China-Inox-Factory-SUS-316L-201-304-312welded-Ss-Pipe-Steel-Tubing-Stainless-Steel-Pipes-Stainless-Steel-Tube.html
"Best Price Nickel Alloy Pipe Alloy 2507 (UNS S32750, 1.4410)","Shanghai Bozhong Metal Group Co., Ltd.",US$ 2400-2600,1 Ton(MOQ),https://shanghaibozhong.en.made-in-china.com/product/OjLQYJZrEKcS/China-Best-Price-Nickel-Alloy-Pipe-Alloy-2507-UNS-S32750-1-4410-.html
Al-6xn Sb-690 N08367 Solution Annealed Seamless Pipe,"Guangzhou Kingmetal Steel Industry Co., Ltd.",US$ 3550-4550,1 Ton(MOQ),https://kingmetal2009.en.made-in-china.com/product/SKWQORoCGVcw/China-Al-6xn-Sb-690-N08367-Solution-Annealed-Seamless-Pipe.html
High Quality 321 309S 310S 410 420 430 Welded and Seamless Stainless Steel Pipe,"Tianjin Boer King Steel Import and Export Co., Ltd.",US$ 800-1500,1 Ton(MOQ),https://boerkingsteel.en.made-in-china.com/product/DQpUVxjEJFry/China-High-Quality-321-309S-310S-410-420-430-Welded-and-Seamless-Stainless-Steel-Pipe.html
ASTM AISI 321 321H 347 347H 904L 500mm Diameter Stainless Steel Pipe Used in Nuclear Power Plant,"XINHANG SPECIAL MATERIAL CO.,LTD HANGZHOU BRANCH",US$ 1760-1860,5 Tons(MOQ),https://xhxcl2023.en.made-in-china.com/product/dGepjlUhncVz/China-ASTM-AISI-321-321H-347-347H-904L-500mm-Diameter-Stainless-Steel-Pipe-Used-in-Nuclear-Power-Plant.html
Factory Price 321 309S 310S 410 420 430 Welded and Seamless Stainless Steel Pipe,"Tianjin Boer King Steel Import and Export Co., Ltd.",US$ 700-1800,1 Ton(MOQ),https://boerkingsteel.en.made-in-china.com/product/KnYRVUNFrwpC/China-Factory-Price-321-309S-310S-410-420-430-Welded-and-Seamless-Stainless-Steel-Pipe.html
ASTM Round Pipe SS304 SS316 Ss310s 347 321 Pickling Polished Seamless Stainless Steel Pipe,"XINHANG SPECIAL MATERIAL CO.,LTD HANGZHOU BRANCH",US$ 1760-1860,5 Tons(MOQ),https://xhxcl2023.en.made-in-china.com/product/itOpgeAcaIhf/China-ASTM-Round-Pipe-SS304-SS316-Ss310s-347-321-Pickling-Polished-Seamless-Stainless-Steel-Pipe.html
ASTM A554 En 10296-2 SUS 304 316L 201 Seamless Tube Polished Stainless Steel Welded Pipe,"Guangdong Yaolong Metal Technology Co., Ltd.",US$ 1100-1950,1 Ton(MOQ),https://fsyaolong.en.made-in-china.com/product/UwOGiWfTOJph/China-ASTM-A554-En-10296-2-SUS-304-316L-201-Seamless-Tube-Polished-Stainless-Steel-Welded-Pipe.html
4inch Large Diameter 309/309S Stainless Steel Pipe for Industrial Pipeline,"Tianjin ZYTC Alloy Technology Co., Ltd",US$ 1900-2400,1 Ton(MOQ),https://zytcstainless.en.made-in-china.com/product/CvyQknwuZVUY/China-4inch-Large-Diameter-309-309S-Stainless-Steel-Pipe-for-Industrial-Pipeline.html
AISI ASTM Welded Seamless Stainless Steel Pipe (304 304H 316 316Ti 317L 321 309S 310S 2205 2507 904L 253mA 254Mo) Factory Price,"Tianjin Boer King Steel Import and Export Co., Ltd.",US$ 1800-2200,10 Tons(MOQ),https://boerkingsteel.en.made-in-china.com/product/jJRpvQSHnFYO/China-AISI-ASTM-Welded-Seamless-Stainless-Steel-Pipe-304-304H-316-316Ti-317L-321-309S-310S-2205-2507-904L-253mA-254Mo-Factory-Price.html
25-7-4 Super Duplex Steel Seamless Pipe for Flue Gas Desulphurisation (FGD) Plants,"Zhejiang Xintongda Special Steel Manufacturing Co., Ltd",US$ 2.5-5.5,200 kg(MOQ),https://xintongdapipe.en.made-in-china.com/product/lGjRaBEyhnhw/China-25-7-4-Super-Duplex-Steel-Seamless-Pipe-for-Flue-Gas-Desulphurisation-FGD-Plants.html
300 Series 304 316 321 Stainless Steel Tube Seamless Pipe for Chemical Plants,"XINHANG SPECIAL MATERIAL CO.,LTD HANGZHOU BRANCH",US$ 1760-1860,5 Tons(MOQ),https://xhxcl2023.en.made-in-china.com/product/pGXRIbruhlVw/China-300-Series-304-316-321-Stainless-Steel-Tube-Seamless-Pipe-for-Chemical-Plants.html
China Industry Leading Supplier Seamless 304 316 321 347 Stainless Steel Pipe Manufacturer,"XINHANG SPECIAL MATERIAL CO.,LTD HANGZHOU BRANCH",US$ 1760-1860,5 Tons(MOQ),https://xhxcl2023.en.made-in-china.com/product/wfzUJsqjXckQ/China-China-Industry-Leading-Supplier-Seamless-304-316-321-347-Stainless-Steel-Pipe-Manufacturer.html
Hastelloy C276/S32205/S32750 N07750 Tubo De Acero Inoxidable Stainless Steel Alloy Pipe,"Shanghai Bozhong Metal Group Co., Ltd.",US$ 1500-3500,1 Ton(MOQ),https://shanghaibozhong.en.made-in-china.com/product/mZuadegYCVWc/China-Hastelloy-C276-S32205-S32750-N07750-Tubo-De-Acero-Inoxidable-Stainless-Steel-Alloy-Pipe.html
Uns 31803 / 1.4507 Duplex Steel Tube Stainless Steel Seamless Pipes ASTM A790,"Zhejiang Xintongda Special Steel Manufacturing Co., Ltd",US$ 5.5-6.5,200 kg(MOQ),https://xintongdapipe.en.made-in-china.com/product/qEVYnMXuuprJ/China-Uns-31803-1-4507-Duplex-Steel-Tube-Stainless-Steel-Seamless-Pipes-ASTM-A790.html
Top-Level GOST Stainless Steel 12X18h10t 12X18h12t 12X18h9 17X18h9 08X17t 08X13 Stainless Steel Seamless Tube/Pipe Industrial Pipe,"XINHANG SPECIAL MATERIAL CO.,LTD HANGZHOU BRANCH",US$ 1760-1860,5 Tons(MOQ),https://xhxcl2023.en.made-in-china.com/product/FATUSokYHbcQ/China-Top-Level-GOST-Stainless-Steel-12X18h10t-12X18h12t-12X18h9-17X18h9-08X17t-08X13-Stainless-Steel-Seamless-Tube-Pipe-Industrial-Pipe.html
ASTM A312 Tp310s Seamless Austenitic Stainless Steel Pipe with PED Ts ISO Certificate,"XINHANG SPECIAL MATERIAL CO.,LTD HANGZHOU BRANCH",US$ 1760-1860,5 Tons(MOQ),https://xhxcl2023.en.made-in-china.com/product/GfsrtHYdgDVo/China-ASTM-A312-Tp310s-Seamless-Austenitic-Stainless-Steel-Pipe-with-PED-Ts-ISO-Certificate.html
Ss Seamless Pipe 347 347H Stainless Steel Round Cold Rolling Pipe Tube,"XINHANG SPECIAL MATERIAL CO.,LTD HANGZHOU BRANCH",US$ 1760-1860,5 Tons(MOQ),https://xhxcl2023.en.made-in-china.com/product/OTUYQjIxgVWS/China-Ss-Seamless-Pipe-347-347H-Stainless-Steel-Round-Cold-Rolling-Pipe-Tube.html
N07752 Stainless Steel Pipe,"Shanghai Bozhong Metal Group Co., Ltd.",US$ 1500-3500,1 Ton(MOQ),https://shanghaibozhong.en.made-in-china.com/product/TjJmyvdCrSkG/China-N07752-Stainless-Steel-Pipe.html
"S34700/1.4500 (X6CrNiNb18-10) Stainless Steel Pipe, Best Price in China","Shanghai Bozhong Metal Group Co., Ltd.",US$ 2300-2600,1 Ton(MOQ),https://shanghaibozhong.en.made-in-china.com/product/CNFmtYGDZXhI/China-S34700-1-4500-X6CrNiNb18-10-Stainless-Steel-Pipe-Best-Price-in-China.html
ASTM A789 A790 S31803 / 2205 S32750 1.4462 Duplex Stainless Steel Tube / 2507 2205 Super Stainles,"Shanghai Ali-Mama Steel Trading Co., Ltd.",US$ 880-900,10 Tons(MOQ),https://bestalisteel.en.made-in-china.com/product/SFdGPwalEvrm/China-ASTM-A789-A790-S31803-2205-S32750-1-4462-Duplex-Stainless-Steel-Tube-2507-2205-Super-Stainles.html
ASTM A554 En 10296-2 1.4301 1.4306 Decorative Tube Stainless Steel Pipe Manufacturers,"Guangdong Yaolong Metal Technology Co., Ltd.",US$ 1100-1950,1 Ton(MOQ),https://fsyaolong.en.made-in-china.com/product/xwCAOpaDJEUH/China-ASTM-A554-En-10296-2-1-4301-1-4306-Decorative-Tube-Stainless-Steel-Pipe-Manufacturers.html
Instrumentaiton Seamless Bright Anneal Pickled Stainless Steel Tube/Pipe,"Shandong Tongmao Special Steel Co., Ltd.",US$ 10,1 Ton(MOQ),https://tongmaosteel.en.made-in-china.com/product/QnpUAWYJToVN/China-Instrumentaiton-Seamless-Bright-Anneal-Pickled-Stainless-Steel-Tube-Pipe.html
Large Diameter Thick Wall Ss321 321H Stainless Steel Seamless Pipe High-Strength Stainless Steel Tube,"XINHANG SPECIAL MATERIAL CO.,LTD HANGZHOU BRANCH",US$ 1760-1860,5 Tons(MOQ),https://xhxcl2023.en.made-in-china.com/product/TaoUvZYMhlkp/China-Large-Diameter-Thick-Wall-Ss321-321H-Stainless-Steel-Seamless-Pipe-High-Strength-Stainless-Steel-Tube.html
Stainless Steel Seamless Pipe ASTM A312 A790 A789 Duplex Stainless Steel 304 316 2205 2507,"Zhejiang Sailing Steel Industry Co., Ltd.",US$ 2000-4500,1 Ton(MOQ),https://stainlesssteel-pipe.en.made-in-china.com/product/iaRpQHmuBWcf/China-Stainless-Steel-Seamless-Pipe-ASTM-A312-A790-A789-Duplex-Stainless-Steel-304-316-2205-2507.html
Hot Sale Super Duplex 2205 S31803 Stainless Steel Pipe for Submarine Equipment,"Tianjin ZYTC Alloy Technology Co., Ltd",US$ 1700-2200,1 Ton(MOQ),https://zytcstainless.en.made-in-china.com/product/zvwEuQmPaWYF/China-Hot-Sale-Super-Duplex-2205-S31803-Stainless-Steel-Pipe-for-Submarine-Equipment.html
Durable Cold Rolled Stainless Steel Tp321h Tp347 Tp347h 904L Metal Pipe for Ship Building with ABS Rina Certification,"XINHANG SPECIAL MATERIAL CO.,LTD HANGZHOU BRANCH",US$ 1760-1860,5 Tons(MOQ),https://xhxcl2023.en.made-in-china.com/product/YGmUqtbOHhWB/China-Durable-Cold-Rolled-Stainless-Steel-Tp321h-Tp347-Tp347h-904L-Metal-Pipe-for-Ship-Building-with-ABS-Rina-Certification.html
Customized AISI 304 Surface Seamless or Welded Stainless Steel Pipe,"Shanghai Xunbang International Trading Co., Ltd.",US$ 550-2000,1 Ton(MOQ),https://55568b30ef104a7b.en.made-in-china.com/product/OKsQLBcxEypP/China-Customized-AISI-304-Surface-Seamless-or-Welded-Stainless-Steel-Pipe.html
Trapezoidal Wire Wrapped Continuous Slot Screen Pipe,"Anping County Xinlu Wire Mesh Products Co., Ltd.",US$ 100,15 Pieces(MOQ),https://xinluwiremesh.en.made-in-china.com/product/ZvWJpIXwyucd/China-Trapezoidal-Wire-Wrapped-Continuous-Slot-Screen-Pipe.html
304/316L Mirror Surface Seamless Bright Polished Stainless Steel Pipe Sch40 in Bulks,"Wenzhou Sinco Steel Co., Ltd.",US$ 1.825,1 kg(MOQ),https://sincosteel.en.made-in-china.com/product/oypQBXvKSIWM/China-304-316L-Mirror-Surface-Seamless-Bright-Polished-Stainless-Steel-Pipe-Sch40-in-Bulks.html
High Quality AISI Tp316 Large Diameter Seamless Stainless Steel Pipes/Tubes for Sale,"XINHANG SPECIAL MATERIAL CO.,LTD HANGZHOU BRANCH",US$ 1760-1860,5 Tons(MOQ),https://xhxcl2023.en.made-in-china.com/product/MGHRbpBcZlWv/China-High-Quality-AISI-Tp316-Large-Diameter-Seamless-Stainless-Steel-Pipes-Tubes-for-Sale.html
Wholesale Price ASME AISI Standard 904L Seamless Stainless Steel Pipe/Tube with High-Precision,"XINHANG SPECIAL MATERIAL CO.,LTD HANGZHOU BRANCH",US$ 1760-1860,5 Tons(MOQ),https://xhxcl2023.en.made-in-china.com/product/TfbpstMGaIcq/China-Wholesale-Price-ASME-AISI-Standard-904L-Seamless-Stainless-Steel-Pipe-Tube-with-High-Precision.html
ASTM A554 SUS 1.4301 1.4306 1.4307 1.4404 Hairline Finish Tube Welded/Seamless Stainless Steel Pipe,"Guangdong Yaolong Metal Technology Co., Ltd.",US$ 1100-1950,1 Ton(MOQ),https://fsyaolong.en.made-in-china.com/product/wFSaoHpGnmkM/China-ASTM-A554-SUS-1-4301-1-4306-1-4307-1-4404-Hairline-Finish-Tube-Welded-Seamless-Stainless-Steel-Pipe.html
High Quality Standard Cold Rolled and Cold Drawn High-Precision Seamless Steel Pipes Use for Sea Water Desalination,"XINHANG SPECIAL MATERIAL CO.,LTD HANGZHOU BRANCH",US$ 1760-1860,5 Tons(MOQ),https://xhxcl2023.en.made-in-china.com/product/UTkRubWvYVct/China-High-Quality-Standard-Cold-Rolled-and-Cold-Drawn-High-Precision-Seamless-Steel-Pipes-Use-for-Sea-Water-Desalination.html
High Pressure 300 Series Seamless Stainless Steel Tube Steel Pipe for Construction Material,"XINHANG SPECIAL MATERIAL CO.,LTD HANGZHOU BRANCH",US$ 1760-1860,5 Tons(MOQ),https://xhxcl2023.en.made-in-china.com/product/rTSUJnMyJHWh/China-High-Pressure-300-Series-Seamless-Stainless-Steel-Tube-Steel-Pipe-for-Construction-Material.html
1.5mm Thickness Thin Wall Stainless Steel Pipes for Boiler Replacement,"Guangdong Yaolong Metal Technology Co., Ltd.",US$ 4.55-5.85,600 Meters(MOQ),https://fsyaolong.en.made-in-china.com/product/LFxEYKJrIiWU/China-1-5mm-Thickness-Thin-Wall-Stainless-Steel-Pipes-for-Boiler-Replacement.html
Factory Outlet ASTM A511 304/321/316L Stainless Steel Seamless Pipes and Tubes,"XINHANG SPECIAL MATERIAL CO.,LTD HANGZHOU BRANCH",US$ 1760-1860,5 Tons(MOQ),https://xhxcl2023.en.made-in-china.com/product/WtGUuOxYuDcf/China-Factory-Outlet-ASTM-A511-304-321-316L-Stainless-Steel-Seamless-Pipes-and-Tubes.html
ASTM A312 A511 Thick Wall TP304 304L 304h Stainless Steel Seamless Pipe for Ship Building,"XINHANG SPECIAL MATERIAL CO.,LTD HANGZHOU BRANCH",US$ 1760-1860,5 Tons(MOQ),https://xhxcl2023.en.made-in-china.com/product/KaOYSRqCrlcP/China-ASTM-A312-A511-Thick-Wall-TP304-304L-304h-Stainless-Steel-Seamless-Pipe-for-Ship-Building.html
Factory Direct Supply 304 Stainless Steel Pipe Large Diameter 316L Small Diameter Stainless Steel Pipe for Nuclear Power Plant,"XINHANG SPECIAL MATERIAL CO.,LTD HANGZHOU BRANCH",US$ 1760-1860,5 Tons(MOQ),https://xhxcl2023.en.made-in-china.com/product/JAqYXymoXhVS/China-Factory-Direct-Supply-304-Stainless-Steel-Pipe-Large-Diameter-316L-Small-Diameter-Stainless-Steel-Pipe-for-Nuclear-Power-Plant.html
2024 Hot Sale in Stock ASTM A312 SS304 316 Seamless Stainless Steel Pipe Marine Pipe,"XINHANG SPECIAL MATERIAL CO.,LTD HANGZHOU BRANCH",US$ 1760-1860,5 Tons(MOQ),https://xhxcl2023.en.made-in-china.com/product/zGqYFmZbfihs/China-2024-Hot-Sale-in-Stock-ASTM-A312-SS304-316-Seamless-Stainless-Steel-Pipe-Marine-Pipe.html
Schedule 40 60 Stainless Steel 304 316 Seamless Pipe for Steam Pipeline,"XINHANG SPECIAL MATERIAL CO.,LTD HANGZHOU BRANCH",US$ 1760-1860,5 Tons(MOQ),https://xhxcl2023.en.made-in-china.com/product/NToUHiAKgDVt/China-Schedule-40-60-Stainless-Steel-304-316-Seamless-Pipe-for-Steam-Pipeline.html
Cqjb Motorcycle Engine Parts Universal 20mm Muffler Exhaust Pipe,"Chongqing Jiuben Commerce and Trade Co., Ltd.",US$ 8.7-9.5,50 Pieces(MOQ),https://cqjbsm.en.made-in-china.com/product/FwWGzIKyfUrL/China-Cqjb-Motorcycle-Engine-Parts-Universal-20mm-Muffler-Exhaust-Pipe.html
"High Temperature Boiler Tube, Holder Frame Hot Rolled Welded Steel Hollow Pipe","Wenzhou Sinco Steel Co., Ltd.",US$ 3000,1 Ton(MOQ),https://sincosteel.en.made-in-china.com/product/bsnmzdgcAokq/China-High-Temperature-Boiler-Tube-Holder-Frame-Hot-Rolled-Welded-Steel-Hollow-Pipe.html
304L Efw Welded Stainless Steel Mechanical Pipes for Australia,"Guangdong Yaolong Metal Technology Co., Ltd.",US$ 3.45-4.25,600 Meters(MOQ),https://fsyaolong.en.made-in-china.com/product/sdXxkqvAlucV/China-304L-Efw-Welded-Stainless-Steel-Mechanical-Pipes-for-Australia.html
